cod_ibge;municipio;ARTESANAL;INDUSTRIAL;Pescadores;area_influencia;Quilombos;localidades_indigenas;territorio_identidade;populacao_valor;pop_rankBA;populacao;urbanizacao_perc;urbanizacao;quilombolas_valor;quilombolas_perc;quilombolas;indigenas_valor;indigenas_perc;indigenas;analfabetismo_perc;analfabetismo;IDH_2010_valor;IDH_2010_tankBA;IDH_2010;ind.gini_valor;indice_gini;beneficiados_PBF_valor;beneficiados_PBF_perc;beneficiados_PBF;PIB_valor;PIB_escala;PIB_rankBA;PIB;PIB_per_capita_valor;PIB_per_capita_rankBA;PIB_per_capita;VAB_com_serv_2021;VAB_agro_2021;VAB_ind_2021;estoque_emprego_formal_valor;estoque_emprego_formal_rankBA;estoque_emprego_formal;saldo_emp_formal_valor;;saldo_emp_formal;estoque_servicos_valor;estoque_servicos_rank;estoque_servicos;estoque_comercio_valor;estoque_comercio_rank;estoque_comercio;estoque_industria_valor;estoque_industria_rank;estoque_industria_2025;estoque_agro_valor;estoque_agro_rank;estoque_agro;estoque_const.civil_valor;estoque_const.civil_rank;estoque_const.civil
2902302;Aratuípe;749;;749;AID;0;0;Baixo Sul;8.993;364°;8.993 (364° na BA);63,0%;63,0% (76,6% na BA);12;0,10%;12 (0,10% da pop.);17;0,20%;17 (0,20% da pop.);18,40%;18,40% (12,6% na BA);0,575;278°;0,575 (278° na BA);0,52;0,52 (0,62% na BA);5.638;62,70%;5.638 (62,70% da pop.);107,4;mi;373°;107,4 mi (373° na BA);12.374,13;319°;12.374,13 (319° na BA);74,40%;21,30%;4,30%;901;344°;901 (344° na BA);0;317°;0 (317° na BA);734;1°;734 (1°);76;2°;76 (2°);4;5°;4 (5°);53;3°;53 (3°);34;4°;34 (4°)
2904852;Cabaceiras do Paraguaçu;143;;143;AII;0;0;Recôncavo;17.024;207°;17.024 (207° na BA);32,0%;32,0% (76,6% na BA);0;0%;0 (0% da pop.);176;1,10%;176 (1,10% da pop.);20,50%;20,50% (12,6% na BA);0,581;246°;0,581 (246° na BA);0,54;0,54 (0,62% na BA);10.129;59,50%;10.129 (59,50% da pop.);186,4;mi;260°;186,4 mi (260° na BA);11.234,25;363°;11.234,25 (363° na BA);77,30%;16,10%;6,60%;1.455;244°;1.455 (244° na BA);20;239°;20 (239° na BA);1.077;1°;1.077 (1°);214;2°;214 (2°);101;3°;101 (3°);43;4°;43 (4°);20;5°;20 (5°)
2904902;Cachoeira;2370;;2370;AII;27;0;Recôncavo;30.498;96°;30.498 (96° na BA);68,4%;68,4% (76,6% na BA);6.972;23,80%;6.972 (23,80% da pop.);242;0,80%;242 (0,80% da pop.);13,20%;13,20% (12,6% na BA);0,647;43°;0,647 (43° na BA);0,56;0,56 (0,62% na BA);15.081;49,40%;15.081 (49,40% da pop.);521,4;mi;104°;521,4 mi (104° na BA);17.826,19;134°;17.826,19 (134° na BA);70,80%;8,30%;20,80%;4.765;76°;4.765 (76° na BA);-52;239°;-52 (239° na BA);3.040;1°;3.040 (1°);596;3°;596 (3°);695;2°;695 (2°);368;4°;368 (4°);66;5°;66 (5°)
2905404;Cairu;2387;;2387;AII;15;0;Baixo Sul;18.578;183°;18.578 (183° na BA);84,3%;84,3% (76,6% na BA);4.584;25,80%;4.584 (25,80% da pop.);104;0,60%;104 (0,60% da pop.);11,00%;11,00% (12,6% na BA);0,627;70°;0,627 (70° na BA);0,53;0,53 (0,62% na BA);9.375;50,50%;9.375 (50,50% da pop.);1,4;bi;104°;1,4 bi (104° na BA);81.207,40;11°;81.207,40 (11° na BA);36,40%;1,30%;62,30%;4.857;74°;4.857 (74° na BA);167;239°;167 (239° na BA);4.120;1°;4.120 (1°);563;2°;563 (2°);26;5°;26 (5°);81;3°;81 (3°);67;4°;67 (4°)
2905701;Camaçari;389;1;390;AII;3;2;Metropolitano de Salvador;321.636;4°;321.636 (4° na BA);97,9%;97,9% (76,6% na BA);1.619;0,50%;1.619 (0,50% da pop.);4.837;1,60%;4.837 (1,60% da pop.);5,40%;5,40% (12,6% na BA);0,694;70°;0,694 (70° na BA);0,53;0,53 (0,62% na BA);101.970;31,70%;101.970 (31,70% da pop.);27,4;bi;2°;27,4 bi (2° na BA);91.283,07;8°;91.283,07 (8° na BA);39,50%;0,10%;60,50%;93.571;5°;93.571 (5° na BA);6.343;2°;6.343 (2° na BA);41.631;1°;41.631 (1°);14.020;3°;14.020 (3°);28.815;2°;28.815 (2°);182;5°;182 (5°);10.923;4°;10.923 (4°)
2905800;Camamu;1343;;1343;AII;29;1;Baixo Sul;31.694;93°;31.694 (93° na BA);53,2%;53,2% (76,6% na BA);6.596;21,50%;6.596 (21,50% da pop.);402;1,30%;402 (1,30% da pop.);20,10%;20,10% (12,6% na BA);0,565;317°;0,565 (317° na BA);0,54;0,54 (0,62% na BA);16.484;52,00%;16.484 (52,00% da pop.);557,7;mi;98°;557,7 mi (98° na BA);18.302,59;123°;18.302,59 (123° na BA);71,20%;23,60%;5,20%;5.998;63°;5.998 (63° na BA);25;220°;25 (220° na BA);4.721;1°;4.721 (1°);832;2°;832 (2°);205;3°;205 (3°);146;4°;146 (4°);94;5°;94 (5°)
2906501;Candeias;1423;;1423;AII;4;0;Metropolitano de Salvador;74.854;28°;74.854 (28° na BA);91,5%;91,5% (76,6% na BA);814;1,10%;814 (1,10% da pop.);578;0,80%;578 (0,80% da pop.);7,20%;7,20% (12,6% na BA);0,691;11°;0,691 (11° na BA);0,48;0,48 (0,62% na BA);29.700;39,70%;29.700 (39,70% da pop.);5,8;bi;13°;5,8 bi (13° na BA);79.439,99;12°;79.439,99 (12° na BA);51,70%;0,30%;48,00%;18.861;20°;18.861 (20° na BA);-21;408°;-21 (408° na BA);11.961;1°;11.961 (1°);2.705;3°;2.705 (3°);3.629;2°;3.629 (2°);47;5°;47 (5°);519;4°;519 (4°)
2907301;Castro Alves;21;;21;AID;0;0;Recôncavo;25.470;124°;25.470 (124° na BA);63,9%;63,9% (76,6% na BA);75;0,30%;75 (0,30% da pop.);18;0,10%;18 (0,10% da pop.);17,50%;17,50% (12,6% na BA);0,613;110°;0,613 (110° na BA);0,54;0,54 (0,62% na BA);11.396;44,70%;11.396 (44,70% da pop.);431,9;mi;123°;431,9 mi (123° na BA);17.478,88;143°;17.478,88 (143° na BA);75,40%;7,70%;16,80%;5.192;70°;5.192 (70° na BA);143;91°;143 (91° na BA);3.148;1°;3.148 (1°);462;3°;462 (3°);1.245;2°;1.245 (2°);305;4°;305 (4°);32;5°;32 (5°)
2908309;Conceição do Almeida;0;0;0;AID;0;0;Recôncavo;16.134;220°;16.134 (220° na BA);47,3%;47,3% (76,6% na BA);0;0%;0 (0% da pop.);9;0,10%;9 (0,10% da pop.);14,90%;14,90% (12,6% na BA);0,606;131°;0,606 (131° na BA);0,56;0,56 (0,62% na BA);6.305;39,10%;6.305 (39,10% da pop.);236,5;mi;218°;236,5 mi (218° na BA);14.974,46;219°;14.974,46 (219° na BA);75,20%;11,80%;13,00%;2.706;148°;2.706 (148° na BA);-131;400°;-131 (400° na BA);1.425;1°;1.425 (1°);303;3°;303 (3°);873;2°;873 (2°);102;4°;102 (4°);3;5°;3 (5°)
2909802;Cruz das Almas;16;;16;AII;2;0;Recôncavo;63.326;35°;63.326 (35° na BA);78,3%;78,3% (76,6% na BA);835;1,40%;835 (1,40% da pop.);746;1,20%;746 (1,20% da pop.);8,70%;8,70% (12,6% na BA);0,699;9°;0,699 (9° na BA);0,55;0,55 (0,62% na BA);22.516;35,60%;22.516 (35,60% da pop.);1,3;bi;47°;1,3 bi (47° na BA);21.196,64;88°;21.196,64 (88° na BA);86,50%;1,90%;11,50%;13.499;32°;13.499 (32° na BA);293;48°;293 (48° na BA);6.914;1°;6.914 (1°);4.079;2°;4.079 (2°);1.625;3°;1.625 (3°);631;4°;631 (4°);250;5°;250 (5°)
2910057;Dias dÁvila;29;;29;AII;0;0;Metropolitano de Salvador;75.296;26°;75.296 (26° na BA);97,6%;97,6% (76,6% na BA);420;0,60%;420 (0,60% da pop.);1.014;1,40%;1.014 (1,40% da pop.);6,50%;6,50% (12,6% na BA);0,676;20°;0,676 (20° na BA);0,5;0,5 (0,62% na BA);28.199;37,50%;28.199 (37,50% da pop.);2,4;bi;27°;2,4 bi (27° na BA);33.263,18;38°;33.263,18 (38° na BA);37,70%;0,10%;62,10%;15.633;27°;15.633 (27° na BA);163;76°;163 (76° na BA);7.780;1°;7.780 (1°);2.530;3°;2.530 (3°);4.224;2°;4.224 (2°);47;5°;47 (5°);1.052;4°;1.052 (4°)
2910206;Dom Macedo Costa;2;;2;AID;0;0;Recôncavo;4.608;408°;4.608 (408° na BA);50,5%;50,5% (76,6% na BA);0;0%;0 (0% da pop.);201;4,60%;201 (4,60% da pop.);15,20%;15,20% (12,6% na BA);0,632;62°;0,632 (62° na BA);0,55;0,55 (0,62% na BA);1.963;42,60%;1.963 (42,60% da pop.);60,8;mi;415°;60,8 mi (415° na BA);13.805,38;257°;13.805,38 (257° na BA);76,50%;16,60%;6,80%;685;383°;685 (383° na BA);30;206°;30 (206° na BA);540;1°;540 (1°);42;4°;42 (4°);44;3°;44 (3°);10;5°;10 (5°);49;2°;49 (2°)
2911204;Gandu;11;;11;AII;1;0;Baixo Sul;34.051;87°;34.051 (87° na BA);83,6%;83,6% (76,6% na BA);276;0,90%;276 (0,90% da pop.);31;0,10%;31 (0,10% da pop.);14,50%;14,50% (12,6% na BA);0,632;62°;0,632 (62° na BA);0,59;0,59 (0,62% na BA);12.073;35,50%;12.073 (35,50% da pop.);598,6;mi;88°;598,6 mi (88° na BA);18.604,11;121°;18.604,11 (121° na BA);77,30%;16,90%;5,80%;4.656;79°;4.656 (79° na BA);225;57°;225 (57° na BA);2.653;1°;2.653 (1°);1.407;2°;1.407 (2°);246;4°;246 (4°);278;3°;278 (3°);72;5°;72 (5°)
2911600;Governador Mangabeira;14;;14;AII;1;0;Recôncavo;21.353;153°;21.353 (153° na BA);45,6%;45,6% (76,6% na BA);94;0,50%;94 (0,50% da pop.);379;1,80%;379 (1,80% da pop.);15,20%;15,20% (12,6% na BA);0,643;46°;0,643 (46° na BA);0,54;0,54 (0,62% na BA);7.979;37,40%;7.979 (37,40% da pop.);284,8;mi;185°;284,8 mi (185° na BA);13.824,18;255°;13.824,18 (255° na BA);82,50%;10,80%;6,70%;3.084;130°;3.084 (130° na BA);71;136°;71 (136° na BA);1.447;1°;1.447 (1°);375;3°;375 (3°);125;4°;125 (4°);1.105;2°;1.105 (2°);32;5°;32 (5°)
2912707;Ibirapitanga;3;;3;AII;0;0;Baixo Sul;26.917;115°;26.917 (115° na BA);55,2%;55,2% (76,6% na BA);39;0,20%;39 (0,20% da pop.);172;0,70%;172 (0,70% da pop.);21%;21% (12,6% na BA);0,558;344°;0,558 (344° na BA);0,52;0,52 (0,62% na BA);9.567;35,50%;9.567 (35,50% da pop.);385,4;mi;138°;385,4 mi (138° na BA);15.204,83;211°;15.204,83 (211° na BA);57,00%;37,90%;5,10%;1.453;245°;1.453 (245° na BA);142;92°;142 (92° na BA);977;1°;977 (1°);206;2°;206 (2°);17;5°;17 (5°);197;3°;197 (3°);56;4°;56 (4°)
2913457;Igrapiúna;867;;867;AII;8;0;Baixo Sul;13.501;281°;13.501 (281° na BA);34,1%;34,1% (76,6% na BA);867;6,60%;867 (6,60% da pop.);39;0,30%;39 (0,30% da pop.);19,40%;19,40% (12,6% na BA);0,574;286°;0,574 (286° na BA);0,54;0,54 (0,62% na BA);6.118;45,30%;6.118 (45,30% da pop.);248;mi;211°;248 mi (211° na BA);18.859,01;116°;18.859,01 (116° na BA);47,10%;35,40%;17,50%;1.592;230°;1.592 (230° na BA);50;163°;50 (163° na BA);847;1°;847 (1°);86;4°;86 (4°);118;3°;118 (3°);534;2°;534 (2°);7;5°;7 (5°)
2916104;Itaparica;3745;;3745;ADA;3;0;Metropolitano de Salvador;20.353;168°;20.353 (168° na BA);100,0%;100,0% (76,6% na BA);240;1,20%;240 (1,20% da pop.);626;3,20%;626 (3,20% da pop.);7,50%;7,50% (12,6% na BA);0,67;26°;0,67 (26° na BA);0,63;0,63 (0,62% na BA);10.495;51,60%;10.495 (51,60% da pop.);298;mi;176°;298 mi (176° na BA);15.084,83;215°;15.084,83 (215° na BA);88,90%;3,50%;7,60%;2.925;139°;2.925 (139° na BA);148;84°;148 (84° na BA);2.274;1°;2.274 (1°);463;2°;463 (2°);18;4°;18 (4°);4;5°;4 (5°);166;3°;166 (3°)
2917300;Ituberá;1439;;1439;AII;11;0;Baixo Sul;22.154;143°;22.154 (143° na BA);73,9%;73,9% (76,6% na BA);1.693;7,70%;1.693 (7,70% da pop.);58;0,30%;58 (0,30% da pop.);16,50%;16,50% (12,6% na BA);0,606;131°;0,606 (131° na BA);0,51;0,51 (0,62% na BA);12.198;55,10%;12.198 (55,10% da pop.);420,9;mi;130°;420,9 mi (130° na BA);19.216,18;107°;19.216,18 (107° na BA);70,80%;20,40%;8,70%;3.141;139°;3.141 (139° na BA);-1;322°;-1 (322° na BA);1.816;1°;1.816 (1°);777;2°;777 (2°);319;3°;319 (3°);206;4°;206 (4°);23;5°;23 (5°)
2917805;Jaguaripe;2137;;2137;AID;0;0;Baixo Sul;18.349;187°;18.349 (187° na BA);40,8%;40,8% (76,6% na BA);45;0,30%;45 (0,30% da pop.);15;0,10%;15 (0,10% da pop.);19,20%;19,20% (12,6% na BA);0,556;351°;0,556 (351° na BA);0,55;0,55 (0,62% na BA);10.595;57,70%;10.595 (57,70% da pop.);261,1;mi;203°;261,1 mi (203° na BA);14.786,83;226°;14.786,83 (226° na BA);62,20%;33,50%;4,30%;1.304;265°;1.304 (265° na BA);-17;360°;-17 (360° na BA);1.016;1°;1.016 (1°);102;3°;102 (3°);39;4°;39 (4°);142;2°;142 (2°);5;5°;5 (5°)
2918803;Laje;3;;3;AII;1;0;Vale do Jiquiriçá;21.705;150°;21.705 (150° na BA);35,0%;35,0% (76,6% na BA);80;0,40%;80 (0,40% da pop.);35;0,20%;35 (0,20% da pop.);20,90%;20,90% (12,6% na BA);0,586;220°;0,586 (220° na BA);0,51;0,51 (0,62% na BA);11.314;52,10%;11.314 (52,10% da pop.);344,5;mi;152°;344,5 mi (152° na BA);16.366,21;180°;16.366,21 (180° na BA);70,20%;25,40%;4,40%;2.099;180°;2.099 (180° na BA);30;206°;30 (206° na BA);1.607;1°;1.607 (1°);295;2°;295 (2°);88;3°;88 (3°);73;4°;73 (4°);36;5°;36 (5°)
2919207;Lauro de Freitas;107;;107;AID;8;0;Metropolitano de Salvador;219.564;6°;219.564 (6° na BA);100,0%;100,0% (76,6% na BA);4.856;2,40%;4.856 (2,40% da pop.);4.836;2,40%;4.836 (2,40% da pop.);3,70%;3,70% (12,6% na BA);0,754;2°;0,754 (2° na BA);0,63;0,63 (0,62% na BA);58.280;26,50%;58.280 (26,50% da pop.);8,9;bi;8°;8,9 bi (8° na BA);43.861,88;21°;43.861,88 (21° na BA);80,70%;0,00%;19,30%;142.165;3°;142.165 (3° na BA);5.522;4°;5.522 (4° na BA);106.640;1°;106.640 (1°);18.144;2°;18.144 (2°);7.286;4°;7.286 (4°);91;5°;91 (5°);10.001;3°;10.001 (3°)
2919926;Madre de Deus;2128;;2128;AII;0;0;Metropolitano de Salvador;19.224;174°;19.224 (174° na BA);100,0%;100,0% (76,6% na BA);4;0,00%;4 (0,00% da pop.);731;4,00%;731 (4,00% da pop.);4,40%;4,40% (12,6% na BA);0,708;7°;0,708 (7° na BA);0,54;0,54 (0,62% na BA);6.597;34,30%;6.597 (34,30% da pop.);710,4;mi;73°;710,4 mi (73° na BA);38.393,78;27°;38.393,78 (27° na BA);85,60%;0,60%;13,80%;3.497;113°;3.497 (113° na BA);-148;401°;-148 (401° na BA);2.582;1°;2.582 (1°);355;3°;355 (3°);358;2°;358 (2°);0;5°;0 (5°);202;4°;202 (4°)
2920601;Maragogipe;6167;;6167;AII;27;0;Recôncavo;37.041;73°;37.041 (73° na BA);59,5%;59,5% (76,6% na BA);5.812;16,20%;5.812 (16,20% da pop.);312;0,90%;312 (0,90% da pop.);17,60%;17,60% (12,6% na BA);0,621;84°;0,621 (84° na BA);0,57;0,57 (0,62% na BA);22.304;34,30%;22.304 (34,30% da pop.);479,2;mi;116°;479,2 mi (116° na BA);13.363,78;269°;13.363,78 (269° na BA);73,70%;21,40%;4,80%;4.193;93°;4.193 (93° na BA);790;20°;790 (20° na BA);2.993;1°;2.993 (1°);335;3°;335 (3°);813;2°;813 (2°);13;5°;13 (5°);39;4°;39 (4°)
2922201;Muniz Ferreira;263;;263;AID;0;0;Recôncavo;7.453;383°;7.453 (383° na BA);53,5%;53,5% (76,6% na BA);0;0%;0 (0% da pop.);1;0,00%;1 (0,00% da pop.);17,40%;17,40% (12,6% na BA);0,617;92°;0,617 (92° na BA);0,51;0,51 (0,62% na BA);3.351;45,00%;3.351 (45,00% da pop.);86,3;mi;393°;86,3 mi (393° na BA);12.006,87;333°;12.006,87 (333° na BA);81,00%;12,30%;6,60%;795;364°;795 (364° na BA);9;281°;9 (281° na BA);661;1°;661 (1°);53;2°;53 (2°);30;3°;30 (3°);30;4°;30 (4°);21;5°;21 (5°)
2922300;Muritiba;16;;16;AII;6;0;Recôncavo;30.180;98°;30.180 (98° na BA);66,7%;66,7% (76,6% na BA);2.006;7,00%;2.006 (7,00% da pop.);540;1,90%;540 (1,90% da pop.);11,80%;11,80% (12,6% na BA);0,66;36°;0,66 (36° na BA);0,55;0,55 (0,62% na BA);13.751;45,60%;13.751 (45,60% da pop.);376;mi;144°;376 mi (144° na BA);13.097,03;285°;13.097,03 (285° na BA);84,80%;5,20%;10,00%;3.231;127°;3.231 (127° na BA);-18;363°;-18 (363° na BA);2.091;1°;2.091 (1°);662;2°;662 (2°);106;4°;106 (4°);306;3°;306 (3°);66;5°;66 (5°)
2922508;Nazaré;3904;;3904;AID;2;0;Recôncavo;28.427;106°;28.427 (106° na BA);80,6%;80,6% (76,6% na BA);479;1,80%;479 (1,80% da pop.);31;0,10%;31 (0,10% da pop.);15,10%;15,10% (12,6% na BA);0,641;48°;0,641 (48° na BA);0,61;0,61 (0,62% na BA);11.286;39,70%;11.286 (39,70% da pop.);463,7;mi;118°;463,7 mi (118° na BA);17.136,76;152°;17.136,76 (152° na BA);88,00%;5,00%;7,00%;3.334;123°;3.334 (123° na BA);144;90°;144 (90° na BA);2.074;1°;2.074 (1°);571;2°;571 (2°);567;3°;567 (3°);57;5°;57 (5°);65;4°;65 (4°)
2922607;Nilo Peçanha;1652;;1652;AII;3;0;Baixo Sul;12.399;291°;12.399 (291° na BA);45,1%;45,1% (76,6% na BA);552;4,60%;552 (4,60% da pop.);14;0,10%;14 (0,10% da pop.);21,50%;21,50% (12,6% na BA);0,547;375°;0,547 (375° na BA);0,52;0,52 (0,62% na BA);7.140;57,60%;7.140 (57,60% da pop.);201;mi;247°;201 mi (247° na BA);16.664,87;169°;16.664,87 (169° na BA);53,60%;41,10%;5,30%;770;369°;770 (369° na BA);22;233°;22 (233° na BA);548;1°;548 (1°);74;2°;74 (2°);71;3°;71 (3°);70;4°;70 (4°);7;5°;7 (5°)
2924678;Piraí do Norte;3;;3;AII;0;0;Baixo Sul;11.481;303°;11.481 (303° na BA);39,9%;39,9% (76,6% na BA);0;0%;0 (0% da pop.);8;0,10%;8 (0,10% da pop.);18,50%;18,50% (12,6% na BA);0,533;403°;0,533 (403° na BA);0,49;0,49 (0,62% na BA);4.344;37,80%;4.344 (37,80% da pop.);157;mi;297°;157 mi (297° na BA);14.306,60;238°;14.306,60 (238° na BA);55,30%;40,70%;4,00%;731;374°;731 (374° na BA);31;202°;31 (202° na BA);633;1°;633 (1°);69;2°;69 (2°);3;4°;3 (4°);25;3°;25 (3°);1;5°;1 (5°)
2925758;Presidente Tancredo Neves;11;;11;AII;4;0;Baixo Sul;29.489;103°;29.489 (103° na BA);56,1%;56,1% (76,6% na BA);457;1,60%;457 (1,60% da pop.);75;0,30%;75 (0,30% da pop.);19,60%;19,60% (12,6% na BA);0,559;339°;0,559 (339° na BA);0,55;0,55 (0,62% na BA);16.262;55,10%;16.262 (55,10% da pop.);417,9;mi;132°;417,9 mi (132° na BA);15.069,35;216°;15.069,35 (216° na BA);66,00%;28,20%;5,80%;2.117;178°;2.117 (178° na BA);120;109°;120 (109° na BA);1.319;1°;1.319 (1°);543;2°;543 (2°);158;3°;158 (3°);58;4°;58 (4°);39;5°;39 (5°)
2927309;Salinas da Margarida;6653;;6653;AID;1;0;Recôncavo;15.629;231°;15.629 (231° na BA);96,8%;96,8% (76,6% na BA);1.930;12,90%;1.930 (12,90% da pop.);58;0,40%;58 (0,40% da pop.);8,70%;8,70% (12,6% na BA);0,617;92°;0,617 (92° na BA);0,54;0,54 (0,62% na BA);9.575;61,30%;9.575 (61,30% da pop.);250,1;mi;210°;250,1 mi (210° na BA);16.686,50;166°;16.686,50 (166° na BA);58,50%;36,60%;4,90%;1.250;277°;1.250 (277° na BA);41;179°;41 (179° na BA);876;1°;876 (1°);275;2°;275 (2°);6;5°;6 (5°);61;3°;61 (3°);32;4°;32 (4°)
2927408;Salvador;8935;;8935;ADA;41;0;Metropolitano de Salvador;2.564.204;1°;2.564.204 (1° na BA);100,0%;100,0% (76,6% na BA);15.897;0,70%;15.897 (0,70% da pop.);27.715;1,10%;27.715 (1,10% da pop.);3,50%;3,50% (12,6% na BA);0,759;1°;0,759 (1° na BA);0,63;0,63 (0,62% na BA);622.231;24,30%;622.231 (24,30% da pop.);76,7;bi;1°;76,7 bi (1° na BA);31.724,15;40°;31.724,15 (40° na BA);86,70%;0,10%;13,20%;897.766;1°;897.766 (1° na BA);30.441;1°;30.441 (1° na BA);665.995;1°;665.995 (1°);123.784;2°;123.784 (2°);49.805;4°;49.805 (4°);1.318;5°;1.318 (5°);56.864;3°;56.864 (3°)
2928604;Santo Amaro;5824;;5824;AII;7;0;Recôncavo;58.398;38°;58.398 (38° na BA);77,0%;77,0% (76,6% na BA);6.936;12,40%;6.936 (12,40% da pop.);584;1,00%;584 (1,00% da pop.);10,30%;10,30% (12,6% na BA);0,646;44°;0,646 (44° na BA);0,56;0,56 (0,62% na BA);26.479;45,30%;26.479 (45,30% da pop.);1,4;bi;45°;1,4 bi (45° na BA);24.562,08;64°;24.562,08 (64° na BA);65,30%;7,40%;27,30%;8.975;42°;8.975 (42° na BA);31;202°;31 (202° na BA);6.128;1°;6.128 (1°);1.153;2°;1.153 (2°);1.025;3°;1.025 (3°);356;4°;356 (4°);313;5°;313 (5°)
2928703;Santo Antônio de Jesus;69;;69;AID;1;0;Recôncavo;109.791;18°;109.791 (18° na BA);89,5%;89,5% (76,6% na BA);157;0,20%;157 (0,20% da pop.);298;0,30%;298 (0,30% da pop.);8,20%;8,20% (12,6% na BA);0,7;8°;0,7 (8° na BA);0,54;0,54 (0,62% na BA);29.142;26,50%;29.142 (26,50% da pop.);3;bi;25°;3 bi (25° na BA);29.386,38;43°;29.386,38 (43° na BA);79,80%;3,10%;17,10%;30.512;15°;30.512 (15° na BA);1.294;11°;1.294 (11° na BA);13.335;1°;13.335 (1°);8.269;2°;8.269 (2°);7.928;3°;7.928 (3°);259;5°;259 (5°);721;4°;721 (4°)
2929107;São Felipe;7;;7;AII;0;0;Recôncavo;20.923;157°;20.923 (157° na BA);55,1%;55,1% (76,6% na BA);0;0%;0 (0% da pop.);170;0,80%;170 (0,80% da pop.);16,50%;16,50% (12,6% na BA);0,616;96°;0,616 (96° na BA);0,5;0,5 (0,62% na BA);10.975;52,50%;10.975 (52,50% da pop.);282,9;mi;187°;282,9 mi (187° na BA);13.947,19;252°;13.947,19 (252° na BA);70,50%;24,00%;5,50%;1.626;224°;1.626 (224° na BA);112;113°;112 (113° na BA);923;1°;923 (1°);503;2°;503 (2°);59;4°;59 (4°);29;5°;29 (5°);112;3°;112 (3°)
2929008;São Félix;179;;179;AII;9;0;Recôncavo;11.102;314°;11.102 (314° na BA);64,5%;64,5% (76,6% na BA);1.395;13%;1.395 (13% da pop.);213;1,90%;213 (1,90% da pop.);12,80%;12,80% (12,6% na BA);0,639;50°;0,639 (50° na BA);0,48;0,48 (0,62% na BA);4.762;42,9%;4.762 (42,9% da pop.);198,1;mi;251°;198,1 mi (251° na BA);17.963,55;129°;17.963,55 (129° na BA);68,8%;23,0%;8,1%;1.620;226°;1.620 (226° na BA);59;150°;59 (150° na BA);1.432;1°;1.432 (1°);105;2°;105 (2°);47;3°;47 (3°);22;4°;22 (4°);14;5°;14 (5°)
2929206;São Francisco do Conde;3699;;3699;AII;4;0;Metropolitano de Salvador;41.110;60°;41.110 (60° na BA);93,4%;93,4% (76,6% na BA);2.232;5,8%;2.232 (5,8% da pop.);760;2,0%;760 (2,0% da pop.);8,2%;8,2% (12,6% na BA);0,674;23°;0,674 (23° na BA);0,5;0,5 (0,62% na BA);18.591;45,2%;18.591 (45,2% da pop.);26,5;bi;3°;26,5 bi (3° na BA);684.319,2;1°;684.319,2 (1° na BA);32,0%;67,8%;0,2%;7.647;46°;7.647 (46° na BA);-105;399°;-105 (399° na BA);4.777;1°;4.777 (1°);1.041;3°;1.041 (3°);1.593;2°;1.593 (2°);77;5°;77 (5°);159;4°;159 (4°)
2929404;São Miguel das Matas;1;;1;AII;0;0;Vale do Jiquiriçá;10.615;337°;10.615 (337° na BA);39,3%;39,3% (76,6% na BA);0;0%;0 (0% da pop.);76;0,7%;76 (0,7% da pop.);18,2%;18,2% (12,6% na BA);0,593;181°;0,593 (181° na BA);0,51;0,51 (0,62% na BA);4.939;46,5%;4.939 (46,5% da pop.);207,6;mi;242°;207,6 mi (242° na BA);20.085,93;97°;20.085,93 (97° na BA);72,3%;23,6%;4,1%;940;334°;940 (334° na BA);40;181°;40 (181° na BA);578;1°;578 (1°);227;2°;227 (2°);22;5°;22 (5°);23;4°;23 (4°);90;3°;90 (3°)
2929503;São Sebastião do Passé;21;;21;AII;4;0;Metropolitano de Salvador;42.944;55°;42.944 (55° na BA);82,4%;82,4% (76,6% na BA);790;1,9%;790 (1,9% da pop.);197;0,5%;197 (0,5% da pop.);10,9%;10,9% (12,6% na BA);0,657;38°;0,657 (38° na BA);0,53;0,53 (0,62% na BA);13.474;31,4%;13.474 (31,4% da pop.);957,1;mi;55°;957,1 mi (55° na BA);23.367,58;74°;23.367,58 (74° na BA);60,8%;3,5%;35,7%;6.329;60°;6.329 (60° na BA);28;213°;28 (213° na BA);3.558;1°;3.558 (1°);823;3°;823 (3°);1.342;2°;1.342 (2°);242;5°;242 (5°);364;4°;364 (4°)
2929602;Sapeaçu;4;;4;AID;0;0;Recôncavo;18.656;180°;18.656 (180° na BA);55,7%;55,7% (76,6% na BA);0;0%;0 (0% da pop.);18;0,1%;18 (0,1% da pop.);13,0%;13,0% (12,6% na BA);0,614;104°;0,614 (104° na BA);0,58;0,58 (0,62% na BA);8.598;46,1%;8.598 (46,1% da pop.);343,8;mi;153°;343,8 mi (153° na BA);19.139,59;111°;19.139,59 (111° na BA);77,5%;12,5%;10,0%;2.871;142°;2.871 (142° na BA);273;51°;273 (51° na BA);954;2°;954 (2°);483;3°;483 (3°);1.088;1°;1.088 (1°);291;4°;291 (4°);55;5°;55 (5°)
2929750;Saubara;4266;;4266;AII;0;0;Recôncavo;11.859;298°;11.859 (298° na BA);97,6%;97,6% (76,6% na BA);4;0,0%;4 (0,0% da pop.);0;0%;0 (0% da pop.);11,2%;11,2% (12,6% na BA);0,617;92°;0,617 (92° na BA);0,49;0,49 (0,62% na BA);7.027;59,3%;7.027 (59,3% da pop.);179,6;mi;266°;179,6 mi (266° na BA);15.699,58;195°;15.699,58 (195° na BA);72,4%;19,0%;8,5%;1.975;187°;1.975 (187° na BA);78;132°;78 (132° na BA);1.843;1°;1.843 (1°);101;2°;101 (2°);18;3°;18 (3°);1;5°;1 (5°);12;4°;12 (4°)
2930709;Simões Filho;184;1;185;AID;10;0;Metropolitano de Salvador;120.419;15°;120.419 (15° na BA);98,0%;98,0% (76,6% na BA);3.576;3,1%;3.576 (3,1% da pop.);2.730;2,4%;2.730 (2,4% da pop.);5,6%;5,6% (12,6% na BA);0,675;22°;0,675 (22° na BA);0,5;0,5 (0,62% na BA);45.214;37,5%;45.214 (37,5% da pop.);8,5;bi;10°;8,5 bi (10° na BA);74.270,21;14°;74.270,21 (14° na BA);55,5%;0,2%;44,2%;51.182;7°;51.182 (7° na BA);457;32°;457 (32° na BA);23.124;1°;23.124 (1°);9.332;3°;9.332 (3°);13.533;2°;13.533 (2°);69;5°;69 (5°);5.124;4°;5.124 (4°)
2931202;Taperoá;1728;;1728;AII;14;0;Baixo Sul;18.556;184°;18.556 (184° na BA);46,8%;46,8% (76,6% na BA);2.182;12,1%;2.182 (12,1% da pop.);44;0,2%;44 (0,2% da pop.);19,5%;19,5% (12,6% na BA);0,566;312°;0,566 (312° na BA);0,53;0,53 (0,62% na BA);9.216;49,7%;9.216 (49,7% da pop.);254,7;mi;207°;254,7 mi (207° na BA);14.114,51;246°;14.114,51 (246° na BA);74,7%;21,8%;3,6%;1.415;248°;1.415 (248° na BA);19;241°;19 (241° na BA);972;1°;972 (1°);272;2°;272 (2°);74;3°;74 (3°);73;4°;73 (4°);24;5°;24 (5°)
2931608;Teolândia;7;;7;AII;3;0;Baixo Sul;15.978;223°;15.978 (223° na BA);33,9%;33,9% (76,6% na BA);791;5,2%;791 (5,2% da pop.);11;0,1%;11 (0,1% da pop.);22,7%;22,7% (12,6% na BA);0,555;353°;0,555 (353° na BA);0,48;0,48 (0,62% na BA);6.915;43,3%;6.915 (43,3% da pop.);279,6;mi;190°;279,6 mi (190° na BA);18.237,15;125°;18.237,15 (125° na BA);50,3%;45,2%;4,4%;1.265;271°;1.265 (271° na BA);32;196°;32 (196° na BA);1.055;1°;1.055 (1°);147;2°;147 (2°);2;5°;2 (5°);26;4°;26 (4°);35;3°;35 (3°)
2932903;Valença;4919;1;4920;AII;22;0;Baixo Sul;90.053;20°;90.053 (20° na BA);73,0%;73,0% (76,6% na BA);3.402;4,0%;3.402 (4,0% da pop.);435;0,5%;435 (0,5% da pop.);14,8%;14,8% (12,6% na BA);0,623;80°;0,623 (80° na BA);0,54;0,54 (0,62% na BA);33.932;37,7%;33.932 (37,7% da pop.);2,2;bi;28°;2,2 bi (28° na BA);25.619,69;53°;25.619,69 (53° na BA);77,0%;12,2%;10,7%;15.670;26°;15.670 (26° na BA);557;28°;557 (28° na BA);9.041;1°;9.041 (1°);3.835;2°;3.835 (2°);1.846;3°;1.846 (3°);653;4°;653 (4°);295;5°;295 (5°)
2933174;Varzedo;0;0;0;AID;0;0;Recôncavo;10.328;343°;10.328 (343° na BA);43,2%;43,2% (76,6% na BA);5;0,1%;5 (0,1% da pop.);63;0,6%;63 (0,6% da pop.);19,4%;19,4% (12,6% na BA);0,586;220°;0,586 (220° na BA);0,52;0,52 (0,62% na BA);4.594;44,5%;4.594 (44,5% da pop.);172,9;mi;280°;172,9 mi (280° na BA);17.445,31;144°;17.445,31 (144° na BA);50,5%;30,8%;18,7%;1.161;292°;1.161 (292° na BA);8;285°;8 (285° na BA);522;1°;522 (1°);182;3°;182 (3°);368;2°;368 (2°);85;4°;85 (4°);4;5°;4 (5°)
2933208;Vera Cruz;6822;;6822;ADA;2;0;Metropolitano de Salvador;45.191;52°;45.191 (52° na BA);97,4%;97,4% (76,6% na BA);172;0,4%;172 (0,4% da pop.);825;1,9%;825 (1,9% da pop.);8,1%;8,1% (12,6% na BA);0,645;45°;0,645 (45° na BA);0,57;0,57 (0,62% na BA);23.670;52,4%;23.670 (52,4% da pop.);709,3;mi;74°;709,3 mi (74° na BA);16.678,75;167°;16.678,75 (167° na BA);82,3%;5,9%;11,8%;6.290;61°;6.290 (61° na BA);39;182°;39 (182° na BA);4.331;1°;4.331 (1°);1.630;2°;1.630 (2°);215;3°;215 (3°);40;5°;40 (5°);74;4°;74 (4°)
2933505;Wenceslau Guimarães;5;;5;AII;10;0;Baixo Sul;25.535;122°;25.535 (122° na BA);47,8%;47,8% (76,6% na BA);3.697;15,1%;3.697 (15,1% da pop.);149;0,6%;149 (0,6% da pop.);24,9%;24,9% (12,6% na BA);0,544;385°;0,544 (385° na BA);0,45;0,45 (0,62% na BA);12.708;49,8%;12.708 (49,8% da pop.);424,5;mi;128°;424,5 mi (128° na BA);17.345,75;148°;17.345,75 (148° na BA);48,1%;47,8%;4,1%;1.829;204°;1.829 (204° na BA);22;233°;22 (233° na BA);1.513;1°;1.513 (1°);183;2°;183 (2°);37;4°;37 (4°);84;3°;84 (3°);12;5°;12 (5°)
2900108;Abaíra;1;;1;;6;0;;;;;;;;;;;;;;;;;;;;;;;;;;;;;;;;;;;;;;;;;;;;;;;;;;;;;
2900207;Abaré;232;;232;;3;24;;;;;;;;;;;;;;;;;;;;;;;;;;;;;;;;;;;;;;;;;;;;;;;;;;;;;
2900306;Acajutiba;4;;4;;0;0;;;;;;;;;;;;;;;;;;;;;;;;;;;;;;;;;;;;;;;;;;;;;;;;;;;;;
2900355;Adustina;215;;215;;0;0;;;;;;;;;;;;;;;;;;;;;;;;;;;;;;;;;;;;;;;;;;;;;;;;;;;;;
2900405;Água Fria;3;;3;;3;0;;;;;;;;;;;;;;;;;;;;;;;;;;;;;;;;;;;;;;;;;;;;;;;;;;;;;
2900702;Alagoinhas;18;;18;;17;0;;;;;;;;;;;;;;;;;;;;;;;;;;;;;;;;;;;;;;;;;;;;;;;;;;;;;
2900801;Alcobaça;1244;4;1248;;3;1;;;;;;;;;;;;;;;;;;;;;;;;;;;;;;;;;;;;;;;;;;;;;;;;;;;;;
2900900;Almadina;1;;1;;0;0;;;;;;;;;;;;;;;;;;;;;;;;;;;;;;;;;;;;;;;;;;;;;;;;;;;;;
2901007;Amargosa;6;;6;;0;0;;;;;;;;;;;;;;;;;;;;;;;;;;;;;;;;;;;;;;;;;;;;;;;;;;;;;
2901106;Amélia Rodrigues;12;;12;;1;0;;;;;;;;;;;;;;;;;;;;;;;;;;;;;;;;;;;;;;;;;;;;;;;;;;;;;
2901205;Anagé;1;;1;;8;0;;;;;;;;;;;;;;;;;;;;;;;;;;;;;;;;;;;;;;;;;;;;;;;;;;;;;
2901304;Andaraí;9;;9;;4;0;;;;;;;;;;;;;;;;;;;;;;;;;;;;;;;;;;;;;;;;;;;;;;;;;;;;;
2901353;Andorinha;34;;34;;0;0;;;;;;;;;;;;;;;;;;;;;;;;;;;;;;;;;;;;;;;;;;;;;;;;;;;;;
2901403;Angical;142;;142;;0;0;;;;;;;;;;;;;;;;;;;;;;;;;;;;;;;;;;;;;;;;;;;;;;;;;;;;;
2901601;Antas;2;;2;;1;0;;;;;;;;;;;;;;;;;;;;;;;;;;;;;;;;;;;;;;;;;;;;;;;;;;;;;
2901700;Antônio Cardoso;5;;5;;21;0;;;;;;;;;;;;;;;;;;;;;;;;;;;;;;;;;;;;;;;;;;;;;;;;;;;;;
2901908;Aporá;1;;1;;0;0;;;;;;;;;;;;;;;;;;;;;;;;;;;;;;;;;;;;;;;;;;;;;;;;;;;;;
2901957;Apuarema;1;;1;;0;0;;;;;;;;;;;;;;;;;;;;;;;;;;;;;;;;;;;;;;;;;;;;;;;;;;;;;
2902104;Araci;248;;248;;0;0;;;;;;;;;;;;;;;;;;;;;;;;;;;;;;;;;;;;;;;;;;;;;;;;;;;;;
2902252;Arataca;1;;1;;0;0;;;;;;;;;;;;;;;;;;;;;;;;;;;;;;;;;;;;;;;;;;;;;;;;;;;;;
2902401;Aurelino Leal;175;;175;;1;0;;;;;;;;;;;;;;;;;;;;;;;;;;;;;;;;;;;;;;;;;;;;;;;;;;;;;
2902500;Baianópolis;6;;6;;0;0;;;;;;;;;;;;;;;;;;;;;;;;;;;;;;;;;;;;;;;;;;;;;;;;;;;;;
2902609;Baixa Grande;2;;2;;0;0;;;;;;;;;;;;;;;;;;;;;;;;;;;;;;;;;;;;;;;;;;;;;;;;;;;;;
2902658;Banzaê;1;;1;;4;20;;;;;;;;;;;;;;;;;;;;;;;;;;;;;;;;;;;;;;;;;;;;;;;;;;;;;
2902708;Barra;4981;;4981;;13;0;;;;;;;;;;;;;;;;;;;;;;;;;;;;;;;;;;;;;;;;;;;;;;;;;;;;;
2902807;Barra da Estiva;2;;2;;3;0;;;;;;;;;;;;;;;;;;;;;;;;;;;;;;;;;;;;;;;;;;;;;;;;;;;;;
2902906;Barra do Choça;1;;1;;0;0;;;;;;;;;;;;;;;;;;;;;;;;;;;;;;;;;;;;;;;;;;;;;;;;;;;;;
2903003;Barra do Mendes;1;;1;;12;0;;;;;;;;;;;;;;;;;;;;;;;;;;;;;;;;;;;;;;;;;;;;;;;;;;;;;
2903201;Barreiras;831;;831;;5;1;;;;;;;;;;;;;;;;;;;;;;;;;;;;;;;;;;;;;;;;;;;;;;;;;;;;;
2903235;Barro Alto;1;;1;;12;0;;;;;;;;;;;;;;;;;;;;;;;;;;;;;;;;;;;;;;;;;;;;;;;;;;;;;
2903300;Barro Preto;95;;95;;0;0;;;;;;;;;;;;;;;;;;;;;;;;;;;;;;;;;;;;;;;;;;;;;;;;;;;;;
2903276;Barrocas;1;;1;;0;0;;;;;;;;;;;;;;;;;;;;;;;;;;;;;;;;;;;;;;;;;;;;;;;;;;;;;
2903409;Belmonte;859;;859;;0;1;;;;;;;;;;;;;;;;;;;;;;;;;;;;;;;;;;;;;;;;;;;;;;;;;;;;;
2903607;Biritinga;1;;1;;3;0;;;;;;;;;;;;;;;;;;;;;;;;;;;;;;;;;;;;;;;;;;;;;;;;;;;;;
2903904;Bom Jesus da Lapa;7499;;7499;;44;0;;;;;;;;;;;;;;;;;;;;;;;;;;;;;;;;;;;;;;;;;;;;;;;;;;;;;
2904100;Boquira;8;;8;;0;0;;;;;;;;;;;;;;;;;;;;;;;;;;;;;;;;;;;;;;;;;;;;;;;;;;;;;
2904209;Botuporã;1;;1;;2;0;;;;;;;;;;;;;;;;;;;;;;;;;;;;;;;;;;;;;;;;;;;;;;;;;;;;;
2904308;Brejões;1;;1;;0;0;;;;;;;;;;;;;;;;;;;;;;;;;;;;;;;;;;;;;;;;;;;;;;;;;;;;;
2904407;Brejolândia;5;;5;;0;0;;;;;;;;;;;;;;;;;;;;;;;;;;;;;;;;;;;;;;;;;;;;;;;;;;;;;
2904605;Brumado;5;;5;;0;0;;;;;;;;;;;;;;;;;;;;;;;;;;;;;;;;;;;;;;;;;;;;;;;;;;;;;
2904753;Buritirama;12;;12;;6;0;;;;;;;;;;;;;;;;;;;;;;;;;;;;;;;;;;;;;;;;;;;;;;;;;;;;;
2905008;Caculé;1;;1;;0;0;;;;;;;;;;;;;;;;;;;;;;;;;;;;;;;;;;;;;;;;;;;;;;;;;;;;;
2905107;Caém;1;;1;;6;0;;;;;;;;;;;;;;;;;;;;;;;;;;;;;;;;;;;;;;;;;;;;;;;;;;;;;
2905206;Caetité;5;;5;;21;0;;;;;;;;;;;;;;;;;;;;;;;;;;;;;;;;;;;;;;;;;;;;;;;;;;;;;
2905305;Cafarnaum;1;;1;;8;0;;;;;;;;;;;;;;;;;;;;;;;;;;;;;;;;;;;;;;;;;;;;;;;;;;;;;
2905503;Caldeirão Grande;2;;2;;2;0;;;;;;;;;;;;;;;;;;;;;;;;;;;;;;;;;;;;;;;;;;;;;;;;;;;;;
2905602;Camacan;9;;9;;0;2;;;;;;;;;;;;;;;;;;;;;;;;;;;;;;;;;;;;;;;;;;;;;;;;;;;;;
2905909;Campo Alegre de Lourdes;2;;2;;0;0;;;;;;;;;;;;;;;;;;;;;;;;;;;;;;;;;;;;;;;;;;;;;;;;;;;;;
2906006;Campo Formoso;6;;6;;44;0;;;;;;;;;;;;;;;;;;;;;;;;;;;;;;;;;;;;;;;;;;;;;;;;;;;;;
2906105;Canápolis;1;;1;;0;0;;;;;;;;;;;;;;;;;;;;;;;;;;;;;;;;;;;;;;;;;;;;;;;;;;;;;
2906204;Canarana;1;;1;;19;0;;;;;;;;;;;;;;;;;;;;;;;;;;;;;;;;;;;;;;;;;;;;;;;;;;;;;
2906303;Canavieiras;1923;;1923;;0;0;;;;;;;;;;;;;;;;;;;;;;;;;;;;;;;;;;;;;;;;;;;;;;;;;;;;;
2906402;Candeal;3;;3;;0;0;;;;;;;;;;;;;;;;;;;;;;;;;;;;;;;;;;;;;;;;;;;;;;;;;;;;;
2906600;Candiba;3;;3;;3;0;;;;;;;;;;;;;;;;;;;;;;;;;;;;;;;;;;;;;;;;;;;;;;;;;;;;;
2906709;Cândido Sales;12;;12;;0;0;;;;;;;;;;;;;;;;;;;;;;;;;;;;;;;;;;;;;;;;;;;;;;;;;;;;;
2906808;Cansanção;736;;736;;8;0;;;;;;;;;;;;;;;;;;;;;;;;;;;;;;;;;;;;;;;;;;;;;;;;;;;;;
2906824;Canudos;156;;156;;0;0;;;;;;;;;;;;;;;;;;;;;;;;;;;;;;;;;;;;;;;;;;;;;;;;;;;;;
2906873;Capim Grosso;1;;1;;5;0;;;;;;;;;;;;;;;;;;;;;;;;;;;;;;;;;;;;;;;;;;;;;;;;;;;;;
2906899;Caraíbas;4;;4;;0;0;;;;;;;;;;;;;;;;;;;;;;;;;;;;;;;;;;;;;;;;;;;;;;;;;;;;;
2906907;Caravelas;1018;1;1019;;5;0;;;;;;;;;;;;;;;;;;;;;;;;;;;;;;;;;;;;;;;;;;;;;;;;;;;;;
2907103;Carinhanha;2714;;2714;;4;0;;;;;;;;;;;;;;;;;;;;;;;;;;;;;;;;;;;;;;;;;;;;;;;;;;;;;
2907202;Casa Nova;7209;;7209;;3;0;;;;;;;;;;;;;;;;;;;;;;;;;;;;;;;;;;;;;;;;;;;;;;;;;;;;;
2907400;Catolândia;3;;3;;0;0;;;;;;;;;;;;;;;;;;;;;;;;;;;;;;;;;;;;;;;;;;;;;;;;;;;;;
2907509;Catu;7;;7;;1;0;;;;;;;;;;;;;;;;;;;;;;;;;;;;;;;;;;;;;;;;;;;;;;;;;;;;;
2907558;Caturama;1;;1;;0;0;;;;;;;;;;;;;;;;;;;;;;;;;;;;;;;;;;;;;;;;;;;;;;;;;;;;;
2907608;Central;8;;8;;16;0;;;;;;;;;;;;;;;;;;;;;;;;;;;;;;;;;;;;;;;;;;;;;;;;;;;;;
2907707;Chorrochó;439;;439;;0;0;;;;;;;;;;;;;;;;;;;;;;;;;;;;;;;;;;;;;;;;;;;;;;;;;;;;;
2907806;Cícero Dantas;4;;4;;1;0;;;;;;;;;;;;;;;;;;;;;;;;;;;;;;;;;;;;;;;;;;;;;;;;;;;;;
2908002;Coaraci;2;;2;;0;0;;;;;;;;;;;;;;;;;;;;;;;;;;;;;;;;;;;;;;;;;;;;;;;;;;;;;
2908101;Cocos;5;;5;;1;1;;;;;;;;;;;;;;;;;;;;;;;;;;;;;;;;;;;;;;;;;;;;;;;;;;;;;
2908200;Conceição da Feira;15;;15;;0;0;;;;;;;;;;;;;;;;;;;;;;;;;;;;;;;;;;;;;;;;;;;;;;;;;;;;;
2908408;Conceição do Coité;2;;2;;1;0;;;;;;;;;;;;;;;;;;;;;;;;;;;;;;;;;;;;;;;;;;;;;;;;;;;;;
2908507;Conceição do Jacuípe;9;;9;;0;0;;;;;;;;;;;;;;;;;;;;;;;;;;;;;;;;;;;;;;;;;;;;;;;;;;;;;
2908606;Conde;831;;831;;20;0;;;;;;;;;;;;;;;;;;;;;;;;;;;;;;;;;;;;;;;;;;;;;;;;;;;;;
2908903;Coração de Maria;4;;4;;4;0;;;;;;;;;;;;;;;;;;;;;;;;;;;;;;;;;;;;;;;;;;;;;;;;;;;;;
2909109;Coribe;18;;18;;0;3;;;;;;;;;;;;;;;;;;;;;;;;;;;;;;;;;;;;;;;;;;;;;;;;;;;;;
2909307;Correntina;100;;100;;1;0;;;;;;;;;;;;;;;;;;;;;;;;;;;;;;;;;;;;;;;;;;;;;;;;;;;;;
2909406;Cotegipe;707;;707;;0;1;;;;;;;;;;;;;;;;;;;;;;;;;;;;;;;;;;;;;;;;;;;;;;;;;;;;;
2909703;Cristópolis;13;;13;;0;0;;;;;;;;;;;;;;;;;;;;;;;;;;;;;;;;;;;;;;;;;;;;;;;;;;;;;
2909901;Curaçá;1158;;1158;;7;15;;;;;;;;;;;;;;;;;;;;;;;;;;;;;;;;;;;;;;;;;;;;;;;;;;;;;
2910008;Dário Meira;13;;13;;0;0;;;;;;;;;;;;;;;;;;;;;;;;;;;;;;;;;;;;;;;;;;;;;;;;;;;;;
2910305;Elísio Medrado;1;;1;;0;0;;;;;;;;;;;;;;;;;;;;;;;;;;;;;;;;;;;;;;;;;;;;;;;;;;;;;
2910404;Encruzilhada;1;;1;;1;0;;;;;;;;;;;;;;;;;;;;;;;;;;;;;;;;;;;;;;;;;;;;;;;;;;;;;
2910503;Entre Rios;117;;117;;14;1;;;;;;;;;;;;;;;;;;;;;;;;;;;;;;;;;;;;;;;;;;;;;;;;;;;;;
2910602;Esplanada;22;;22;;7;0;;;;;;;;;;;;;;;;;;;;;;;;;;;;;;;;;;;;;;;;;;;;;;;;;;;;;
2910701;Euclides da Cunha;1;;1;;1;14;;;;;;;;;;;;;;;;;;;;;;;;;;;;;;;;;;;;;;;;;;;;;;;;;;;;;
2910727;Eunápolis;13;;13;;0;1;;;;;;;;;;;;;;;;;;;;;;;;;;;;;;;;;;;;;;;;;;;;;;;;;;;;;
2910750;Fátima;1;;1;;2;0;;;;;;;;;;;;;;;;;;;;;;;;;;;;;;;;;;;;;;;;;;;;;;;;;;;;;
2910776;Feira da Mata;62;;62;;0;0;;;;;;;;;;;;;;;;;;;;;;;;;;;;;;;;;;;;;;;;;;;;;;;;;;;;;
2910800;Feira de Santana;165;;165;;21;0;;;;;;;;;;;;;;;;;;;;;;;;;;;;;;;;;;;;;;;;;;;;;;;;;;;;;
2910859;Filadélfia;13;;13;;44;0;;;;;;;;;;;;;;;;;;;;;;;;;;;;;;;;;;;;;;;;;;;;;;;;;;;;;
2910909;Firmino Alves;1;;1;;0;0;;;;;;;;;;;;;;;;;;;;;;;;;;;;;;;;;;;;;;;;;;;;;;;;;;;;;
2911006;Floresta Azul;4;;4;;0;0;;;;;;;;;;;;;;;;;;;;;;;;;;;;;;;;;;;;;;;;;;;;;;;;;;;;;
2911105;Formosa do Rio Preto;340;;340;;2;0;;;;;;;;;;;;;;;;;;;;;;;;;;;;;;;;;;;;;;;;;;;;;;;;;;;;;
2911253;Gavião;46;;46;;0;0;;;;;;;;;;;;;;;;;;;;;;;;;;;;;;;;;;;;;;;;;;;;;;;;;;;;;
2911303;Gentio do Ouro;36;;36;;9;0;;;;;;;;;;;;;;;;;;;;;;;;;;;;;;;;;;;;;;;;;;;;;;;;;;;;;
2911402;Glória;309;;309;;0;17;;;;;;;;;;;;;;;;;;;;;;;;;;;;;;;;;;;;;;;;;;;;;;;;;;;;;
2911501;Gongogi;30;;30;;0;0;;;;;;;;;;;;;;;;;;;;;;;;;;;;;;;;;;;;;;;;;;;;;;;;;;;;;
2911709;Guanambi;142;;142;;4;0;;;;;;;;;;;;;;;;;;;;;;;;;;;;;;;;;;;;;;;;;;;;;;;;;;;;;
2911808;Guaratinga;2;;2;;0;0;;;;;;;;;;;;;;;;;;;;;;;;;;;;;;;;;;;;;;;;;;;;;;;;;;;;;
2911907;Iaçu;3;;3;;0;0;;;;;;;;;;;;;;;;;;;;;;;;;;;;;;;;;;;;;;;;;;;;;;;;;;;;;
2912103;Ibicaraí;1;;1;;0;0;;;;;;;;;;;;;;;;;;;;;;;;;;;;;;;;;;;;;;;;;;;;;;;;;;;;;
2912202;Ibicoara;2;;2;;1;0;;;;;;;;;;;;;;;;;;;;;;;;;;;;;;;;;;;;;;;;;;;;;;;;;;;;;
2912301;Ibicuí;1;;1;;0;0;;;;;;;;;;;;;;;;;;;;;;;;;;;;;;;;;;;;;;;;;;;;;;;;;;;;;
2912400;Ibipeba;1;;1;;18;0;;;;;;;;;;;;;;;;;;;;;;;;;;;;;;;;;;;;;;;;;;;;;;;;;;;;;
2912509;Ibipitanga;2;;2;;1;0;;;;;;;;;;;;;;;;;;;;;;;;;;;;;;;;;;;;;;;;;;;;;;;;;;;;;
2912806;Ibirapuã;2;;2;;2;0;;;;;;;;;;;;;;;;;;;;;;;;;;;;;;;;;;;;;;;;;;;;;;;;;;;;;
2912905;Ibirataia;4;;4;;0;0;;;;;;;;;;;;;;;;;;;;;;;;;;;;;;;;;;;;;;;;;;;;;;;;;;;;;
2913101;Ibititá;2;;2;;18;0;;;;;;;;;;;;;;;;;;;;;;;;;;;;;;;;;;;;;;;;;;;;;;;;;;;;;
2913200;Ibotirama;7141;;7141;;5;1;;;;;;;;;;;;;;;;;;;;;;;;;;;;;;;;;;;;;;;;;;;;;;;;;;;;;
2913606;Ilhéus;1695;3;1698;;1;57;;;;;;;;;;;;;;;;;;;;;;;;;;;;;;;;;;;;;;;;;;;;;;;;;;;;;
2913705;Inhambupe;1;;1;;0;0;;;;;;;;;;;;;;;;;;;;;;;;;;;;;;;;;;;;;;;;;;;;;;;;;;;;;
2913804;Ipecaetá;1;;1;;0;0;;;;;;;;;;;;;;;;;;;;;;;;;;;;;;;;;;;;;;;;;;;;;;;;;;;;;
2913903;Ipiaú;5;;5;;0;0;;;;;;;;;;;;;;;;;;;;;;;;;;;;;;;;;;;;;;;;;;;;;;;;;;;;;
2914000;Ipirá;2;;2;;1;0;;;;;;;;;;;;;;;;;;;;;;;;;;;;;;;;;;;;;;;;;;;;;;;;;;;;;
2914109;Ipupiara;1;;1;;0;0;;;;;;;;;;;;;;;;;;;;;;;;;;;;;;;;;;;;;;;;;;;;;;;;;;;;;
2914307;Iramaia;2;;2;;0;0;;;;;;;;;;;;;;;;;;;;;;;;;;;;;;;;;;;;;;;;;;;;;;;;;;;;;
2914505;Irará;1;;1;;13;0;;;;;;;;;;;;;;;;;;;;;;;;;;;;;;;;;;;;;;;;;;;;;;;;;;;;;
2914604;Irecê;13;;13;;10;0;;;;;;;;;;;;;;;;;;;;;;;;;;;;;;;;;;;;;;;;;;;;;;;;;;;;;
2914653;Itabela;15;;15;;0;0;;;;;;;;;;;;;;;;;;;;;;;;;;;;;;;;;;;;;;;;;;;;;;;;;;;;;
2914703;Itaberaba;36;;36;;0;0;;;;;;;;;;;;;;;;;;;;;;;;;;;;;;;;;;;;;;;;;;;;;;;;;;;;;
2914802;Itabuna;33;;33;;0;0;;;;;;;;;;;;;;;;;;;;;;;;;;;;;;;;;;;;;;;;;;;;;;;;;;;;;
2914901;Itacaré;322;;322;;11;0;;;;;;;;;;;;;;;;;;;;;;;;;;;;;;;;;;;;;;;;;;;;;;;;;;;;;
2915007;Itaeté;22;;22;;5;0;;;;;;;;;;;;;;;;;;;;;;;;;;;;;;;;;;;;;;;;;;;;;;;;;;;;;
2915106;Itagi;1;;1;;0;0;;;;;;;;;;;;;;;;;;;;;;;;;;;;;;;;;;;;;;;;;;;;;;;;;;;;;
2915353;Itaguaçu da Bahia;102;;102;;7;0;;;;;;;;;;;;;;;;;;;;;;;;;;;;;;;;;;;;;;;;;;;;;;;;;;;;;
2915403;Itaju do Colônia;1;;1;;0;2;;;;;;;;;;;;;;;;;;;;;;;;;;;;;;;;;;;;;;;;;;;;;;;;;;;;;
2915502;Itajuípe;4;;4;;0;0;;;;;;;;;;;;;;;;;;;;;;;;;;;;;;;;;;;;;;;;;;;;;;;;;;;;;
2915601;Itamaraju;154;;154;;0;6;;;;;;;;;;;;;;;;;;;;;;;;;;;;;;;;;;;;;;;;;;;;;;;;;;;;;
2915700;Itamari;3;;3;;2;0;;;;;;;;;;;;;;;;;;;;;;;;;;;;;;;;;;;;;;;;;;;;;;;;;;;;;
2915809;Itambé;11;;11;;1;0;;;;;;;;;;;;;;;;;;;;;;;;;;;;;;;;;;;;;;;;;;;;;;;;;;;;;
2915908;Itanagra;3;;3;;1;0;;;;;;;;;;;;;;;;;;;;;;;;;;;;;;;;;;;;;;;;;;;;;;;;;;;;;
2916005;Itanhém;1;;1;;1;0;;;;;;;;;;;;;;;;;;;;;;;;;;;;;;;;;;;;;;;;;;;;;;;;;;;;;
2916203;Itapé;10;;10;;0;0;;;;;;;;;;;;;;;;;;;;;;;;;;;;;;;;;;;;;;;;;;;;;;;;;;;;;
2916302;Itapebi;21;;21;;0;1;;;;;;;;;;;;;;;;;;;;;;;;;;;;;;;;;;;;;;;;;;;;;;;;;;;;;
2916401;Itapetinga;6;;6;;0;0;;;;;;;;;;;;;;;;;;;;;;;;;;;;;;;;;;;;;;;;;;;;;;;;;;;;;
2916500;Itapicuru;1;;1;;1;0;;;;;;;;;;;;;;;;;;;;;;;;;;;;;;;;;;;;;;;;;;;;;;;;;;;;;
2916609;Itapitanga;2;;2;;0;0;;;;;;;;;;;;;;;;;;;;;;;;;;;;;;;;;;;;;;;;;;;;;;;;;;;;;
2916708;Itaquara;1;;1;;0;0;;;;;;;;;;;;;;;;;;;;;;;;;;;;;;;;;;;;;;;;;;;;;;;;;;;;;
2916807;Itarantim;1;;1;;0;0;;;;;;;;;;;;;;;;;;;;;;;;;;;;;;;;;;;;;;;;;;;;;;;;;;;;;
2916856;Itatim;2;;2;;1;0;;;;;;;;;;;;;;;;;;;;;;;;;;;;;;;;;;;;;;;;;;;;;;;;;;;;;
2916906;Itiruçu;2;;2;;0;0;;;;;;;;;;;;;;;;;;;;;;;;;;;;;;;;;;;;;;;;;;;;;;;;;;;;;
2917003;Itiúba;1427;;1427;;1;0;;;;;;;;;;;;;;;;;;;;;;;;;;;;;;;;;;;;;;;;;;;;;;;;;;;;;
2917201;Ituaçu;1;;1;;5;0;;;;;;;;;;;;;;;;;;;;;;;;;;;;;;;;;;;;;;;;;;;;;;;;;;;;;
2917334;Iuiu;4;;4;;0;0;;;;;;;;;;;;;;;;;;;;;;;;;;;;;;;;;;;;;;;;;;;;;;;;;;;;;
2917359;Jaborandi;14;;14;;0;0;;;;;;;;;;;;;;;;;;;;;;;;;;;;;;;;;;;;;;;;;;;;;;;;;;;;;
2917508;Jacobina;9;;9;;26;0;;;;;;;;;;;;;;;;;;;;;;;;;;;;;;;;;;;;;;;;;;;;;;;;;;;;;
2917607;Jaguaquara;3;;3;;3;0;;;;;;;;;;;;;;;;;;;;;;;;;;;;;;;;;;;;;;;;;;;;;;;;;;;;;
2917706;Jaguarari;10;;10;;0;0;;;;;;;;;;;;;;;;;;;;;;;;;;;;;;;;;;;;;;;;;;;;;;;;;;;;;
2917904;Jandaíra;843;;843;;3;0;;;;;;;;;;;;;;;;;;;;;;;;;;;;;;;;;;;;;;;;;;;;;;;;;;;;;
2918001;Jequié;91;;91;;5;0;;;;;;;;;;;;;;;;;;;;;;;;;;;;;;;;;;;;;;;;;;;;;;;;;;;;;
2918100;Jeremoabo;22;;22;;23;0;;;;;;;;;;;;;;;;;;;;;;;;;;;;;;;;;;;;;;;;;;;;;;;;;;;;;
2918308;Jitaúna;20;;20;;0;0;;;;;;;;;;;;;;;;;;;;;;;;;;;;;;;;;;;;;;;;;;;;;;;;;;;;;
2918407;Juazeiro;3780;;3780;;11;0;;;;;;;;;;;;;;;;;;;;;;;;;;;;;;;;;;;;;;;;;;;;;;;;;;;;;
2918456;Jucuruçu;1;;1;;0;0;;;;;;;;;;;;;;;;;;;;;;;;;;;;;;;;;;;;;;;;;;;;;;;;;;;;;
2918506;Jussara;11;;11;;2;0;;;;;;;;;;;;;;;;;;;;;;;;;;;;;;;;;;;;;;;;;;;;;;;;;;;;;
2918555;Jussari;3;;3;;0;0;;;;;;;;;;;;;;;;;;;;;;;;;;;;;;;;;;;;;;;;;;;;;;;;;;;;;
2919058;Lajedo do Tabocal;2;;2;;1;0;;;;;;;;;;;;;;;;;;;;;;;;;;;;;;;;;;;;;;;;;;;;;;;;;;;;;
2919157;Lapão;1;;1;;24;0;;;;;;;;;;;;;;;;;;;;;;;;;;;;;;;;;;;;;;;;;;;;;;;;;;;;;
2919306;Lençóis;3;;3;;4;0;;;;;;;;;;;;;;;;;;;;;;;;;;;;;;;;;;;;;;;;;;;;;;;;;;;;;
2919504;Livramento de Nossa Senhora;16;;16;;24;0;;;;;;;;;;;;;;;;;;;;;;;;;;;;;;;;;;;;;;;;;;;;;;;;;;;;;
2919553;Luís Eduardo Magalhães;118;;118;;1;0;;;;;;;;;;;;;;;;;;;;;;;;;;;;;;;;;;;;;;;;;;;;;;;;;;;;;
2919603;Macajuba;2;;2;;0;0;;;;;;;;;;;;;;;;;;;;;;;;;;;;;;;;;;;;;;;;;;;;;;;;;;;;;
2919702;Macarani;1;;1;;0;0;;;;;;;;;;;;;;;;;;;;;;;;;;;;;;;;;;;;;;;;;;;;;;;;;;;;;
2919801;Macaúbas;7;;7;;1;0;;;;;;;;;;;;;;;;;;;;;;;;;;;;;;;;;;;;;;;;;;;;;;;;;;;;;
2919900;Macururé;9;;9;;0;0;;;;;;;;;;;;;;;;;;;;;;;;;;;;;;;;;;;;;;;;;;;;;;;;;;;;;
2920205;Malhada;1439;;1439;;5;0;;;;;;;;;;;;;;;;;;;;;;;;;;;;;;;;;;;;;;;;;;;;;;;;;;;;;
2920304;Malhada de Pedras;1;;1;;1;0;;;;;;;;;;;;;;;;;;;;;;;;;;;;;;;;;;;;;;;;;;;;;;;;;;;;;
2920403;Manoel Vitorino;34;;34;;0;0;;;;;;;;;;;;;;;;;;;;;;;;;;;;;;;;;;;;;;;;;;;;;;;;;;;;;
2920452;Mansidão;95;;95;;5;0;;;;;;;;;;;;;;;;;;;;;;;;;;;;;;;;;;;;;;;;;;;;;;;;;;;;;
2920502;Maracás;54;;54;;0;0;;;;;;;;;;;;;;;;;;;;;;;;;;;;;;;;;;;;;;;;;;;;;;;;;;;;;
2920700;Maraú;943;;943;;29;0;;;;;;;;;;;;;;;;;;;;;;;;;;;;;;;;;;;;;;;;;;;;;;;;;;;;;
2920809;Marcionílio Souza;2;;2;;0;0;;;;;;;;;;;;;;;;;;;;;;;;;;;;;;;;;;;;;;;;;;;;;;;;;;;;;
2920908;Mascote;103;;103;;0;0;;;;;;;;;;;;;;;;;;;;;;;;;;;;;;;;;;;;;;;;;;;;;;;;;;;;;
2921005;Mata de São João;27;;27;;2;0;;;;;;;;;;;;;;;;;;;;;;;;;;;;;;;;;;;;;;;;;;;;;;;;;;;;;
2921054;Matina;1;;1;;0;0;;;;;;;;;;;;;;;;;;;;;;;;;;;;;;;;;;;;;;;;;;;;;;;;;;;;;
2921104;Medeiros Neto;57;;57;;0;0;;;;;;;;;;;;;;;;;;;;;;;;;;;;;;;;;;;;;;;;;;;;;;;;;;;;;
2921203;Miguel Calmon;1;;1;;4;0;;;;;;;;;;;;;;;;;;;;;;;;;;;;;;;;;;;;;;;;;;;;;;;;;;;;;
2921500;Monte Santo;21;;21;;4;1;;;;;;;;;;;;;;;;;;;;;;;;;;;;;;;;;;;;;;;;;;;;;;;;;;;;;
2921609;Morpará;1658;;1658;;0;0;;;;;;;;;;;;;;;;;;;;;;;;;;;;;;;;;;;;;;;;;;;;;;;;;;;;;
2921708;Morro do Chapéu;1;;1;;15;0;;;;;;;;;;;;;;;;;;;;;;;;;;;;;;;;;;;;;;;;;;;;;;;;;;;;;
2922003;Mucuri;370;2;372;;1;0;;;;;;;;;;;;;;;;;;;;;;;;;;;;;;;;;;;;;;;;;;;;;;;;;;;;;
2922102;Mundo Novo;5;;5;;1;0;;;;;;;;;;;;;;;;;;;;;;;;;;;;;;;;;;;;;;;;;;;;;;;;;;;;;
2922250;Muquém do São Francisco;1743;;1743;;7;4;;;;;;;;;;;;;;;;;;;;;;;;;;;;;;;;;;;;;;;;;;;;;;;;;;;;;
2922409;Mutuípe;3;;3;;0;0;;;;;;;;;;;;;;;;;;;;;;;;;;;;;;;;;;;;;;;;;;;;;;;;;;;;;
2922656;Nordestina;4;;4;;19;0;;;;;;;;;;;;;;;;;;;;;;;;;;;;;;;;;;;;;;;;;;;;;;;;;;;;;
2922706;Nova Canaã;1;;1;;2;0;;;;;;;;;;;;;;;;;;;;;;;;;;;;;;;;;;;;;;;;;;;;;;;;;;;;;
2922755;Nova Ibiá;1;;1;;1;0;;;;;;;;;;;;;;;;;;;;;;;;;;;;;;;;;;;;;;;;;;;;;;;;;;;;;
2922805;Nova Itarana;1;;1;;0;0;;;;;;;;;;;;;;;;;;;;;;;;;;;;;;;;;;;;;;;;;;;;;;;;;;;;;
2922854;Nova Redenção;1;;1;;0;0;;;;;;;;;;;;;;;;;;;;;;;;;;;;;;;;;;;;;;;;;;;;;;;;;;;;;
2923001;Nova Viçosa;888;;888;;5;0;;;;;;;;;;;;;;;;;;;;;;;;;;;;;;;;;;;;;;;;;;;;;;;;;;;;;
2923035;Novo Horizonte;3;;3;;1;0;;;;;;;;;;;;;;;;;;;;;;;;;;;;;;;;;;;;;;;;;;;;;;;;;;;;;
2923100;Olindina;1;;1;;0;0;;;;;;;;;;;;;;;;;;;;;;;;;;;;;;;;;;;;;;;;;;;;;;;;;;;;;
2923209;Oliveira dos Brejinhos;21;;21;;0;0;;;;;;;;;;;;;;;;;;;;;;;;;;;;;;;;;;;;;;;;;;;;;;;;;;;;;
2923308;Ouriçangas;1;;1;;11;0;;;;;;;;;;;;;;;;;;;;;;;;;;;;;;;;;;;;;;;;;;;;;;;;;;;;;
2923357;Ourolândia;1;;1;;0;0;;;;;;;;;;;;;;;;;;;;;;;;;;;;;;;;;;;;;;;;;;;;;;;;;;;;;
2923407;Palmas de Monte Alto;50;;50;;26;0;;;;;;;;;;;;;;;;;;;;;;;;;;;;;;;;;;;;;;;;;;;;;;;;;;;;;
2923704;Paratinga;5091;;5091;;28;0;;;;;;;;;;;;;;;;;;;;;;;;;;;;;;;;;;;;;;;;;;;;;;;;;;;;;
2923803;Paripiranga;1;;1;;1;0;;;;;;;;;;;;;;;;;;;;;;;;;;;;;;;;;;;;;;;;;;;;;;;;;;;;;
2923902;Pau Brasil;10;;10;;0;13;;;;;;;;;;;;;;;;;;;;;;;;;;;;;;;;;;;;;;;;;;;;;;;;;;;;;
2924009;Paulo Afonso;206;;206;;0;2;;;;;;;;;;;;;;;;;;;;;;;;;;;;;;;;;;;;;;;;;;;;;;;;;;;;;
2924058;Pé de Serra;1;;1;;0;0;;;;;;;;;;;;;;;;;;;;;;;;;;;;;;;;;;;;;;;;;;;;;;;;;;;;;
2924207;Pedro Alexandre;1;;1;;2;0;;;;;;;;;;;;;;;;;;;;;;;;;;;;;;;;;;;;;;;;;;;;;;;;;;;;;
2924405;Pilão Arcado;4000;;4000;;2;0;;;;;;;;;;;;;;;;;;;;;;;;;;;;;;;;;;;;;;;;;;;;;;;;;;;;;
2924504;Pindaí;3;;3;;3;0;;;;;;;;;;;;;;;;;;;;;;;;;;;;;;;;;;;;;;;;;;;;;;;;;;;;;
2924603;Pindobaçu;104;;104;;8;0;;;;;;;;;;;;;;;;;;;;;;;;;;;;;;;;;;;;;;;;;;;;;;;;;;;;;
2924801;Piritiba;1;;1;;0;0;;;;;;;;;;;;;;;;;;;;;;;;;;;;;;;;;;;;;;;;;;;;;;;;;;;;;
2925105;Poções;1;;1;;4;0;;;;;;;;;;;;;;;;;;;;;;;;;;;;;;;;;;;;;;;;;;;;;;;;;;;;;
2925204;Pojuca;8;;8;;0;0;;;;;;;;;;;;;;;;;;;;;;;;;;;;;;;;;;;;;;;;;;;;;;;;;;;;;
2925253;Ponto Novo;22;;22;;4;0;;;;;;;;;;;;;;;;;;;;;;;;;;;;;;;;;;;;;;;;;;;;;;;;;;;;;
2925303;Porto Seguro;381;;381;;0;67;;;;;;;;;;;;;;;;;;;;;;;;;;;;;;;;;;;;;;;;;;;;;;;;;;;;;
2925501;Prado;1258;1;1259;;0;25;;;;;;;;;;;;;;;;;;;;;;;;;;;;;;;;;;;;;;;;;;;;;;;;;;;;;
2925808;Queimadas;4;;4;;0;0;;;;;;;;;;;;;;;;;;;;;;;;;;;;;;;;;;;;;;;;;;;;;;;;;;;;;
2925931;Quixabeira;2;;2;;5;0;;;;;;;;;;;;;;;;;;;;;;;;;;;;;;;;;;;;;;;;;;;;;;;;;;;;;
2925956;Rafael Jambeiro;1;;1;;0;0;;;;;;;;;;;;;;;;;;;;;;;;;;;;;;;;;;;;;;;;;;;;;;;;;;;;;
2926004;Remanso;2221;;2221;;1;0;;;;;;;;;;;;;;;;;;;;;;;;;;;;;;;;;;;;;;;;;;;;;;;;;;;;;
2926103;Retirolândia;1;;1;;2;0;;;;;;;;;;;;;;;;;;;;;;;;;;;;;;;;;;;;;;;;;;;;;;;;;;;;;
2926202;Riachão das Neves;685;;685;;0;0;;;;;;;;;;;;;;;;;;;;;;;;;;;;;;;;;;;;;;;;;;;;;;;;;;;;;
2926301;Riachão do Jacuípe;118;;118;;1;0;;;;;;;;;;;;;;;;;;;;;;;;;;;;;;;;;;;;;;;;;;;;;;;;;;;;;
2926400;Riacho de Santana;102;;102;;21;0;;;;;;;;;;;;;;;;;;;;;;;;;;;;;;;;;;;;;;;;;;;;;;;;;;;;;
2926608;Ribeira do Pombal;1;;1;;1;0;;;;;;;;;;;;;;;;;;;;;;;;;;;;;;;;;;;;;;;;;;;;;;;;;;;;;
2926657;Ribeirão do Largo;1;;1;;3;5;;;;;;;;;;;;;;;;;;;;;;;;;;;;;;;;;;;;;;;;;;;;;;;;;;;;;
2926707;Rio de Contas;44;;44;;15;0;;;;;;;;;;;;;;;;;;;;;;;;;;;;;;;;;;;;;;;;;;;;;;;;;;;;;
2926905;Rio do Pires;1;;1;;0;0;;;;;;;;;;;;;;;;;;;;;;;;;;;;;;;;;;;;;;;;;;;;;;;;;;;;;
2927002;Rio Real;5;;5;;1;0;;;;;;;;;;;;;;;;;;;;;;;;;;;;;;;;;;;;;;;;;;;;;;;;;;;;;
2927101;Rodelas;1009;;1009;;1;8;;;;;;;;;;;;;;;;;;;;;;;;;;;;;;;;;;;;;;;;;;;;;;;;;;;;;
2927507;Santa Bárbara;4;;4;;3;0;;;;;;;;;;;;;;;;;;;;;;;;;;;;;;;;;;;;;;;;;;;;;;;;;;;;;
2927606;Santa Brígida;2;;2;;0;0;;;;;;;;;;;;;;;;;;;;;;;;;;;;;;;;;;;;;;;;;;;;;;;;;;;;;
2927705;Santa Cruz Cabrália;400;;400;;0;30;;;;;;;;;;;;;;;;;;;;;;;;;;;;;;;;;;;;;;;;;;;;;;;;;;;;;
2927903;Santa Inês;3;;3;;0;0;;;;;;;;;;;;;;;;;;;;;;;;;;;;;;;;;;;;;;;;;;;;;;;;;;;;;
2928059;Santa Luzia;17;;17;;0;0;;;;;;;;;;;;;;;;;;;;;;;;;;;;;;;;;;;;;;;;;;;;;;;;;;;;;
2928109;Santa Maria da Vitória;704;;704;;4;0;;;;;;;;;;;;;;;;;;;;;;;;;;;;;;;;;;;;;;;;;;;;;;;;;;;;;
2928406;Santa Rita de Cássia;530;;530;;3;1;;;;;;;;;;;;;;;;;;;;;;;;;;;;;;;;;;;;;;;;;;;;;;;;;;;;;
2928000;Santaluz;6;;6;;0;0;;;;;;;;;;;;;;;;;;;;;;;;;;;;;;;;;;;;;;;;;;;;;;;;;;;;;
2928208;Santana;26;;26;;0;0;;;;;;;;;;;;;;;;;;;;;;;;;;;;;;;;;;;;;;;;;;;;;;;;;;;;;
2928307;Santanópolis;3;;3;;20;0;;;;;;;;;;;;;;;;;;;;;;;;;;;;;;;;;;;;;;;;;;;;;;;;;;;;;
2928802;Santo Estêvão;39;;39;;0;0;;;;;;;;;;;;;;;;;;;;;;;;;;;;;;;;;;;;;;;;;;;;;;;;;;;;;
2928901;São Desidério;573;;573;;0;0;;;;;;;;;;;;;;;;;;;;;;;;;;;;;;;;;;;;;;;;;;;;;;;;;;;;;
2929057;São Félix do Coribe;56;;56;;1;0;;;;;;;;;;;;;;;;;;;;;;;;;;;;;;;;;;;;;;;;;;;;;;;;;;;;;
2929255;São Gabriel;4;;4;;17;0;;;;;;;;;;;;;;;;;;;;;;;;;;;;;;;;;;;;;;;;;;;;;;;;;;;;;
2929305;São Gonçalo dos Campos;5;;5;;1;0;;;;;;;;;;;;;;;;;;;;;;;;;;;;;;;;;;;;;;;;;;;;;;;;;;;;;
2929370;São José do Jacuípe;3;;3;;0;0;;;;;;;;;;;;;;;;;;;;;;;;;;;;;;;;;;;;;;;;;;;;;;;;;;;;;
2929701;Sátiro Dias;2;;2;;1;0;;;;;;;;;;;;;;;;;;;;;;;;;;;;;;;;;;;;;;;;;;;;;;;;;;;;;
2929800;Saúde;6;;6;;2;0;;;;;;;;;;;;;;;;;;;;;;;;;;;;;;;;;;;;;;;;;;;;;;;;;;;;;
2929909;Seabra;1;;1;;19;1;;;;;;;;;;;;;;;;;;;;;;;;;;;;;;;;;;;;;;;;;;;;;;;;;;;;;
2930006;Sebastião Laranjeiras;2;;2;;0;0;;;;;;;;;;;;;;;;;;;;;;;;;;;;;;;;;;;;;;;;;;;;;;;;;;;;;
2930105;Senhor do Bonfim;114;;114;;41;0;;;;;;;;;;;;;;;;;;;;;;;;;;;;;;;;;;;;;;;;;;;;;;;;;;;;;
2930204;Sento Sé;9022;;9022;;2;1;;;;;;;;;;;;;;;;;;;;;;;;;;;;;;;;;;;;;;;;;;;;;;;;;;;;;
2930154;Serra do Ramalho;3463;;3463;;18;2;;;;;;;;;;;;;;;;;;;;;;;;;;;;;;;;;;;;;;;;;;;;;;;;;;;;;
2930303;Serra Dourada;26;;26;;0;0;;;;;;;;;;;;;;;;;;;;;;;;;;;;;;;;;;;;;;;;;;;;;;;;;;;;;
2930402;Serra Preta;1;;1;;0;0;;;;;;;;;;;;;;;;;;;;;;;;;;;;;;;;;;;;;;;;;;;;;;;;;;;;;
2930501;Serrinha;9;;9;;4;0;;;;;;;;;;;;;;;;;;;;;;;;;;;;;;;;;;;;;;;;;;;;;;;;;;;;;
2930600;Serrolândia;3;;3;;4;0;;;;;;;;;;;;;;;;;;;;;;;;;;;;;;;;;;;;;;;;;;;;;;;;;;;;;
2930758;Sítio do Mato;3690;;3690;;3;0;;;;;;;;;;;;;;;;;;;;;;;;;;;;;;;;;;;;;;;;;;;;;;;;;;;;;
2930766;Sítio do Quinto;6;;6;;3;0;;;;;;;;;;;;;;;;;;;;;;;;;;;;;;;;;;;;;;;;;;;;;;;;;;;;;
2930774;Sobradinho;1256;;1256;;0;1;;;;;;;;;;;;;;;;;;;;;;;;;;;;;;;;;;;;;;;;;;;;;;;;;;;;;
2931004;Tanhaçu;1;;1;;3;0;;;;;;;;;;;;;;;;;;;;;;;;;;;;;;;;;;;;;;;;;;;;;;;;;;;;;
2931103;Tanquinho;2;;2;;0;0;;;;;;;;;;;;;;;;;;;;;;;;;;;;;;;;;;;;;;;;;;;;;;;;;;;;;
2931350;Teixeira de Freitas;70;;70;;3;0;;;;;;;;;;;;;;;;;;;;;;;;;;;;;;;;;;;;;;;;;;;;;;;;;;;;;
2931400;Teodoro Sampaio;2;;2;;1;0;;;;;;;;;;;;;;;;;;;;;;;;;;;;;;;;;;;;;;;;;;;;;;;;;;;;;
2931509;Teofilândia;1;;1;;0;0;;;;;;;;;;;;;;;;;;;;;;;;;;;;;;;;;;;;;;;;;;;;;;;;;;;;;
2931707;Terra Nova;3;;3;;1;0;;;;;;;;;;;;;;;;;;;;;;;;;;;;;;;;;;;;;;;;;;;;;;;;;;;;;
2931806;Tremedal;15;;15;;4;0;;;;;;;;;;;;;;;;;;;;;;;;;;;;;;;;;;;;;;;;;;;;;;;;;;;;;
2931905;Tucano;2;;2;;2;0;;;;;;;;;;;;;;;;;;;;;;;;;;;;;;;;;;;;;;;;;;;;;;;;;;;;;
2932002;Uauá;1;;1;;2;0;;;;;;;;;;;;;;;;;;;;;;;;;;;;;;;;;;;;;;;;;;;;;;;;;;;;;
2932200;Ubaitaba;327;;327;;0;0;;;;;;;;;;;;;;;;;;;;;;;;;;;;;;;;;;;;;;;;;;;;;;;;;;;;;
2932309;Ubatã;17;;17;;0;0;;;;;;;;;;;;;;;;;;;;;;;;;;;;;;;;;;;;;;;;;;;;;;;;;;;;;
2932408;Uibaí;1;;1;;6;0;;;;;;;;;;;;;;;;;;;;;;;;;;;;;;;;;;;;;;;;;;;;;;;;;;;;;
2932457;Umburanas;2;;2;;1;0;;;;;;;;;;;;;;;;;;;;;;;;;;;;;;;;;;;;;;;;;;;;;;;;;;;;;
2932507;Una;226;;226;;0;4;;;;;;;;;;;;;;;;;;;;;;;;;;;;;;;;;;;;;;;;;;;;;;;;;;;;;
2932606;Urandi;4;;4;;2;0;;;;;;;;;;;;;;;;;;;;;;;;;;;;;;;;;;;;;;;;;;;;;;;;;;;;;
2932705;Uruçuca;38;;38;;0;0;;;;;;;;;;;;;;;;;;;;;;;;;;;;;;;;;;;;;;;;;;;;;;;;;;;;;
2933059;Várzea da Roça;13;;13;;0;0;;;;;;;;;;;;;;;;;;;;;;;;;;;;;;;;;;;;;;;;;;;;;;;;;;;;;
2933307;Vitória da Conquista;10;;10;;50;0;;;;;;;;;;;;;;;;;;;;;;;;;;;;;;;;;;;;;;;;;;;;;;;;;;;;;
2933455;Wanderley;408;;408;;4;0;;;;;;;;;;;;;;;;;;;;;;;;;;;;;;;;;;;;;;;;;;;;;;;;;;;;;
2933604;Xique-Xique;6988;;6988;;17;0;;;;;;;;;;;;;;;;;;;;;;;;;;;;;;;;;;;;;;;;;;;;;;;;;;;;;
